count,mean,std,min,25%,50%,75%,max
116.0,90.5603448275862,57.11031107588548,12.0,53.5,77.0,114.25,330.0
